"env","cor"
"20LY",0.514532186378484
"20LY",0.514532186378484
"20LY",0.514532186378484
"20LY",0.514532186378484
"20LY",0.514532186378484
