"env","cor"
"20LY",0.485318762071143
"20LY",0.485318762071143
"20LY",0.485318762071143
"20LY",0.485318762071143
"20LY",0.485318762071143
