"env","cor"
"20LY",0.50177353509237
"20LY",0.50177353509237
"20LY",0.50177353509237
"20LY",0.50177353509237
"20LY",0.50177353509237
