"env","cor"
"19TA",0.762114365301767
"19TA",0.762114365301767
"19TA",0.762114365301767
"19TA",0.762114365301767
"19TA",0.762114365301767
