"env","cor"
"20LY",0.400786083678736
"20LY",0.400786083678736
"20LY",0.400786083678736
"20LY",0.400786083678736
"20LY",0.400786083678736
