"env","cor"
"19TA",0.827160613156657
"19TA",0.827160613156657
"19TA",0.827160613156657
"19TA",0.827160613156657
"19TA",0.827160613156657
