"env","cor"
"19TA",0.671444022121661
"19TA",0.671444022121661
"19TA",0.671444022121661
"19TA",0.671444022121661
"19TA",0.671444022121661
