"env","cor"
"20LY",0.637179809746169
"20LY",0.637179809746169
"20LY",0.637179809746169
"20LY",0.637179809746169
"20LY",0.637179809746169
