"env","cor"
"19TA",0.674017539366408
"19TA",0.674017539366408
"19TA",0.674017539366408
"19TA",0.674017539366408
"19TA",0.674017539366408
