"env","cor"
"20LY",0.51681474747099
"20LY",0.51681474747099
"20LY",0.51681474747099
"20LY",0.51681474747099
"20LY",0.51681474747099
