"env","cor"
"20LY",0.118702727831894
"20LY",0.118702727831894
"20LY",0.118702727831894
"20LY",0.118702727831894
"20LY",0.118702727831894
