"env","cor"
"19TA",0.660012581854135
"19TA",0.660012581854135
"19TA",0.660012581854135
"19TA",0.660012581854135
"19TA",0.660012581854135
