"env","cor"
"19TA",0.800171144313635
"19TA",0.800171144313635
"19TA",0.800171144313635
"19TA",0.800171144313635
"19TA",0.800171144313635
