"env","cor"
"20LY",0.340196418358714
"20LY",0.340196418358714
"20LY",0.340196418358714
"20LY",0.340196418358714
"20LY",0.340196418358714
