"env","cor"
"19TA",0.778737216270796
"19TA",0.778737216270796
"19TA",0.778737216270796
"19TA",0.778737216270796
"19TA",0.778737216270796
