"env","cor"
"19TA",0.713842544119018
"19TA",0.713842544119018
"19TA",0.713842544119018
"19TA",0.713842544119018
"19TA",0.713842544119018
