"env","cor"
"19TA",0.372116873725515
"19TA",0.372116873725515
"19TA",0.372116873725515
"19TA",0.372116873725515
"19TA",0.372116873725515
