"env","cor"
"19TA",0.834809811632731
"19TA",0.834809811632731
"19TA",0.834809811632731
"19TA",0.834809811632731
"19TA",0.834809811632731
