"env","cor"
"19TA",0.765887275804749
"19TA",0.765887275804749
"19TA",0.765887275804749
"19TA",0.765887275804749
"19TA",0.765887275804749
