"env","cor"
"20LY",0.511693718937701
"20LY",0.511693718937701
"20LY",0.511693718937701
"20LY",0.511693718937701
"20LY",0.511693718937701
