"env","cor"
"20LY",0.686273544504785
"20LY",0.686273544504785
"20LY",0.686273544504785
"20LY",0.686273544504785
"20LY",0.686273544504785
