"env","cor"
"20LY",0.451196040348584
"20LY",0.451196040348584
"20LY",0.451196040348584
"20LY",0.451196040348584
"20LY",0.451196040348584
