"env","cor"
"19TA",0.51119753186842
"19TA",0.51119753186842
"19TA",0.51119753186842
"19TA",0.51119753186842
"19TA",0.51119753186842
