"env","cor"
"20LY",0.0285848854372308
"20LY",0.0285848854372308
"20LY",0.0285848854372308
"20LY",0.0285848854372308
"20LY",0.0285848854372308
