"env","cor"
"20LY",0.454231274870799
"20LY",0.454231274870799
"20LY",0.454231274870799
"20LY",0.454231274870799
"20LY",0.454231274870799
