"env","cor"
"20LY",0.277645422188858
"20LY",0.277645422188858
"20LY",0.277645422188858
"20LY",0.277645422188858
"20LY",0.277645422188858
