"env","cor"
"19TA",0.803860105820859
"19TA",0.803860105820859
"19TA",0.803860105820859
"19TA",0.803860105820859
"19TA",0.803860105820859
