"env","cor"
"20LY",0.619223507368398
"20LY",0.619223507368398
"20LY",0.619223507368398
"20LY",0.619223507368398
"20LY",0.619223507368398
