"env","cor"
"20LY",0.304727334686465
"20LY",0.304727334686465
"20LY",0.304727334686465
"20LY",0.304727334686465
"20LY",0.304727334686465
