"env","cor"
"20LY",0.592696703290137
"20LY",0.592696703290137
"20LY",0.592696703290137
"20LY",0.592696703290137
"20LY",0.592696703290137
