"env","cor"
"20LY",0.386159821250153
"20LY",0.386159821250153
"20LY",0.386159821250153
"20LY",0.386159821250153
"20LY",0.386159821250153
