"env","cor"
"19TA",0.771107282050905
"19TA",0.771107282050905
"19TA",0.771107282050905
"19TA",0.771107282050905
"19TA",0.771107282050905
