"env","cor"
"19TA",0.364236277337988
"19TA",0.364236277337988
"19TA",0.364236277337988
"19TA",0.364236277337988
"19TA",0.364236277337988
