"env","cor"
"20LY",0.237530014755779
"20LY",0.237530014755779
"20LY",0.237530014755779
"20LY",0.237530014755779
"20LY",0.237530014755779
