"env","cor"
"19TA",0.403195494585913
"19TA",0.403195494585913
"19TA",0.403195494585913
"19TA",0.403195494585913
"19TA",0.403195494585913
