"env","cor"
"19TA",0.771793606473415
"19TA",0.771793606473415
"19TA",0.771793606473415
"19TA",0.771793606473415
"19TA",0.771793606473415
