"env","cor"
"20LY",0.347573217149142
"20LY",0.347573217149142
"20LY",0.347573217149142
"20LY",0.347573217149142
"20LY",0.347573217149142
