"env","cor"
"20LY",0.554528883405492
"20LY",0.554528883405492
"20LY",0.554528883405492
"20LY",0.554528883405492
"20LY",0.554528883405492
