"env","cor"
"20LY",0.345852218766297
"20LY",0.345852218766297
"20LY",0.345852218766297
"20LY",0.345852218766297
"20LY",0.345852218766297
