"env","cor"
"19TA",0.592267535313809
"19TA",0.592267535313809
"19TA",0.592267535313809
"19TA",0.592267535313809
"19TA",0.592267535313809
