"env","cor"
"19TA",0.760748374603565
"19TA",0.760748374603565
"19TA",0.760748374603565
"19TA",0.760748374603565
"19TA",0.760748374603565
