"env","cor"
"19TA",0.297851779969247
"19TA",0.297851779969247
"19TA",0.297851779969247
"19TA",0.297851779969247
"19TA",0.297851779969247
