"env","cor"
"19TA",0.810980636393733
"19TA",0.810980636393733
"19TA",0.810980636393733
"19TA",0.810980636393733
"19TA",0.810980636393733
