"env","cor"
"20LY",0.446543486650344
"20LY",0.446543486650344
"20LY",0.446543486650344
"20LY",0.446543486650344
"20LY",0.446543486650344
