"env","cor"
"19TA",0.584114610524698
"19TA",0.584114610524698
"19TA",0.584114610524698
"19TA",0.584114610524698
"19TA",0.584114610524698
