"env","cor"
"20LY",0.397043369719918
"20LY",0.397043369719918
"20LY",0.397043369719918
"20LY",0.397043369719918
"20LY",0.397043369719918
