"env","cor"
"19TA",0.476230431005224
"19TA",0.476230431005224
"19TA",0.476230431005224
"19TA",0.476230431005224
"19TA",0.476230431005224
