"env","cor"
"19TA",0.531198261757237
"19TA",0.531198261757237
"19TA",0.531198261757237
"19TA",0.531198261757237
"19TA",0.531198261757237
