"env","cor"
"20LY",0.451593401006163
"20LY",0.451593401006163
"20LY",0.451593401006163
"20LY",0.451593401006163
"20LY",0.451593401006163
