"env","cor"
"20LY",0.451214302543017
"20LY",0.451214302543017
"20LY",0.451214302543017
"20LY",0.451214302543017
"20LY",0.451214302543017
