"env","cor"
"19TA",0.871661090378117
"19TA",0.871661090378117
"19TA",0.871661090378117
"19TA",0.871661090378117
"19TA",0.871661090378117
