"env","cor"
"20LY",0.339367690940697
"20LY",0.339367690940697
"20LY",0.339367690940697
"20LY",0.339367690940697
"20LY",0.339367690940697
