"env","cor"
"19TA",0.838058223723321
"19TA",0.838058223723321
"19TA",0.838058223723321
"19TA",0.838058223723321
"19TA",0.838058223723321
