"env","cor"
"20LY",0.596606960156376
"20LY",0.596606960156376
"20LY",0.596606960156376
"20LY",0.596606960156376
"20LY",0.596606960156376
