"env","cor"
"20LY",0.309230310500402
"20LY",0.309230310500402
"20LY",0.309230310500402
"20LY",0.309230310500402
"20LY",0.309230310500402
