"env","cor"
"19TA",0.814773762345378
"19TA",0.814773762345378
"19TA",0.814773762345378
"19TA",0.814773762345378
"19TA",0.814773762345378
