"env","cor"
"19TA",0.769846296954055
"19TA",0.769846296954055
"19TA",0.769846296954055
"19TA",0.769846296954055
"19TA",0.769846296954055
