"env","cor"
"20LY",0.478994994707544
"20LY",0.478994994707544
"20LY",0.478994994707544
"20LY",0.478994994707544
"20LY",0.478994994707544
