"env","cor"
"19TA",0.370417394712404
"19TA",0.370417394712404
"19TA",0.370417394712404
"19TA",0.370417394712404
"19TA",0.370417394712404
