"env","cor"
"19TA",0.360004511726288
"19TA",0.360004511726288
"19TA",0.360004511726288
"19TA",0.360004511726288
"19TA",0.360004511726288
