"env","cor"
"19TA",0.652466146065891
"19TA",0.652466146065891
"19TA",0.652466146065891
"19TA",0.652466146065891
"19TA",0.652466146065891
