"env","cor"
"20LY",0.28706353737693
"20LY",0.28706353737693
"20LY",0.28706353737693
"20LY",0.28706353737693
"20LY",0.28706353737693
