"env","cor"
"19TA",0.667719657146786
"19TA",0.667719657146786
"19TA",0.667719657146786
"19TA",0.667719657146786
"19TA",0.667719657146786
