"env","cor"
"20LY",0.525137320053786
"20LY",0.525137320053786
"20LY",0.525137320053786
"20LY",0.525137320053786
"20LY",0.525137320053786
