"env","cor"
"19TA",0.491609562618319
"19TA",0.491609562618319
"19TA",0.491609562618319
"19TA",0.491609562618319
"19TA",0.491609562618319
