"env","cor"
"19TA",0.300352966567094
"19TA",0.300352966567094
"19TA",0.300352966567094
"19TA",0.300352966567094
"19TA",0.300352966567094
