"env","cor"
"19TA",0.393248410419022
"19TA",0.393248410419022
"19TA",0.393248410419022
"19TA",0.393248410419022
"19TA",0.393248410419022
