"env","cor"
"19TA",0.354517491230751
"19TA",0.354517491230751
"19TA",0.354517491230751
"19TA",0.354517491230751
"19TA",0.354517491230751
