"env","cor"
"20LY",0.273667033838419
"20LY",0.273667033838419
"20LY",0.273667033838419
"20LY",0.273667033838419
"20LY",0.273667033838419
