"env","cor"
"20LY",0.464170914242855
"20LY",0.464170914242855
"20LY",0.464170914242855
"20LY",0.464170914242855
"20LY",0.464170914242855
