"env","cor"
"19TA",0.569778474627288
"19TA",0.569778474627288
"19TA",0.569778474627288
"19TA",0.569778474627288
"19TA",0.569778474627288
