"env","cor"
"20LY",0.422502854041635
"20LY",0.422502854041635
"20LY",0.422502854041635
"20LY",0.422502854041635
"20LY",0.422502854041635
