"env","cor"
"20LY",0.437450605432529
"20LY",0.437450605432529
"20LY",0.437450605432529
"20LY",0.437450605432529
"20LY",0.437450605432529
