"env","cor"
"20LY",0.399260587455594
"20LY",0.399260587455594
"20LY",0.399260587455594
"20LY",0.399260587455594
"20LY",0.399260587455594
