"env","cor"
"20LY",0.44480869033812
"20LY",0.44480869033812
"20LY",0.44480869033812
"20LY",0.44480869033812
"20LY",0.44480869033812
