"env","cor"
"20LY",0.461491379014429
"20LY",0.461491379014429
"20LY",0.461491379014429
"20LY",0.461491379014429
"20LY",0.461491379014429
