"env","cor"
"20LY",0.253691051065923
"20LY",0.253691051065923
"20LY",0.253691051065923
"20LY",0.253691051065923
"20LY",0.253691051065923
