"env","cor"
"20LY",0.551180049358023
"20LY",0.551180049358023
"20LY",0.551180049358023
"20LY",0.551180049358023
"20LY",0.551180049358023
