"env","cor"
"20LY",0.570883127222679
"20LY",0.570883127222679
"20LY",0.570883127222679
"20LY",0.570883127222679
"20LY",0.570883127222679
