"env","cor"
"20LY",0.239653357610492
"20LY",0.239653357610492
"20LY",0.239653357610492
"20LY",0.239653357610492
"20LY",0.239653357610492
