"env","cor"
"19TA",0.729528481106713
"19TA",0.729528481106713
"19TA",0.729528481106713
"19TA",0.729528481106713
"19TA",0.729528481106713
