"env","cor"
"20LY",0.279005973095207
"20LY",0.279005973095207
"20LY",0.279005973095207
"20LY",0.279005973095207
"20LY",0.279005973095207
