"env","cor"
"19TA",0.649217419051723
"19TA",0.649217419051723
"19TA",0.649217419051723
"19TA",0.649217419051723
"19TA",0.649217419051723
