"env","cor"
"20LY",0.303822036155177
"20LY",0.303822036155177
"20LY",0.303822036155177
"20LY",0.303822036155177
"20LY",0.303822036155177
