"env","cor"
"20LY",0.468332338064773
"20LY",0.468332338064773
"20LY",0.468332338064773
"20LY",0.468332338064773
"20LY",0.468332338064773
