"env","cor"
"19TA",0.793454782238078
"19TA",0.793454782238078
"19TA",0.793454782238078
"19TA",0.793454782238078
"19TA",0.793454782238078
