"env","cor"
"19TA",0.542128537548962
"19TA",0.542128537548962
"19TA",0.542128537548962
"19TA",0.542128537548962
"19TA",0.542128537548962
