"env","cor"
"20LY",0.407344852712226
"20LY",0.407344852712226
"20LY",0.407344852712226
"20LY",0.407344852712226
"20LY",0.407344852712226
