"env","cor"
"19TA",0.802829793550696
"19TA",0.802829793550696
"19TA",0.802829793550696
"19TA",0.802829793550696
"19TA",0.802829793550696
