"env","cor"
"19TA",0.707273589243221
"19TA",0.707273589243221
"19TA",0.707273589243221
"19TA",0.707273589243221
"19TA",0.707273589243221
