"env","cor"
"19TA",0.821893488128503
"19TA",0.821893488128503
"19TA",0.821893488128503
"19TA",0.821893488128503
"19TA",0.821893488128503
