"env","cor"
"19TA",0.868456922216225
"19TA",0.868456922216225
"19TA",0.868456922216225
"19TA",0.868456922216225
"19TA",0.868456922216225
