"env","cor"
"19TA",0.319867560240231
"19TA",0.319867560240231
"19TA",0.319867560240231
"19TA",0.319867560240231
"19TA",0.319867560240231
