"env","cor"
"20LY",0.373296891680229
"20LY",0.373296891680229
"20LY",0.373296891680229
"20LY",0.373296891680229
"20LY",0.373296891680229
