"env","cor"
"19TA",0.617639674599127
"19TA",0.617639674599127
"19TA",0.617639674599127
"19TA",0.617639674599127
"19TA",0.617639674599127
