"env","cor"
"19TA",0.325863004182161
"19TA",0.325863004182161
"19TA",0.325863004182161
"19TA",0.325863004182161
"19TA",0.325863004182161
