"env","cor"
"20LY",0.66837915122096
"20LY",0.66837915122096
"20LY",0.66837915122096
"20LY",0.66837915122096
"20LY",0.66837915122096
