"env","cor"
"19TA",0.333982392859194
"19TA",0.333982392859194
"19TA",0.333982392859194
"19TA",0.333982392859194
"19TA",0.333982392859194
