"env","cor"
"20LY",0.581297628234692
"20LY",0.581297628234692
"20LY",0.581297628234692
"20LY",0.581297628234692
"20LY",0.581297628234692
