"env","cor"
"19TA",0.673555094122456
"19TA",0.673555094122456
"19TA",0.673555094122456
"19TA",0.673555094122456
"19TA",0.673555094122456
