"env","cor"
"19CS",0.7154875386403
"19TA",0.723061478244295
"20CS",0.786543905648023
"20LY",0.65207555500895
"19CS",0.7154875386403
"19TA",0.723061478244295
"20CS",0.786543905648023
"20LY",0.65207555500895
"19CS",0.7154875386403
"19TA",0.723061478244295
"20CS",0.786543905648023
"20LY",0.65207555500895
"19CS",0.7154875386403
"19TA",0.723061478244295
"20CS",0.786543905648023
"20LY",0.65207555500895
"19CS",0.7154875386403
"19TA",0.723061478244295
"20CS",0.786543905648023
"20LY",0.65207555500895
