"env","cor"
"20LY",0.356798623713328
"20LY",0.356798623713328
"20LY",0.356798623713328
"20LY",0.356798623713328
"20LY",0.356798623713328
