"env","cor"
"20LY",0.64616282740475
"20LY",0.64616282740475
"20LY",0.64616282740475
"20LY",0.64616282740475
"20LY",0.64616282740475
