"env","cor"
"19TA",0.490697109143203
"19TA",0.490697109143203
"19TA",0.490697109143203
"19TA",0.490697109143203
"19TA",0.490697109143203
