"env","cor"
"20LY",0.651018296360817
"20LY",0.651018296360817
"20LY",0.651018296360817
"20LY",0.651018296360817
"20LY",0.651018296360817
