"env","cor"
"20LY",0.335887526600029
"20LY",0.335887526600029
"20LY",0.335887526600029
"20LY",0.335887526600029
"20LY",0.335887526600029
