"env","cor"
"19TA",0.672013989740884
"19TA",0.672013989740884
"19TA",0.672013989740884
"19TA",0.672013989740884
"19TA",0.672013989740884
