"env","cor"
"20LY",0.596117830803359
"20LY",0.596117830803359
"20LY",0.596117830803359
"20LY",0.596117830803359
"20LY",0.596117830803359
