"env","cor"
"20LY",0.356713727920634
"20LY",0.356713727920634
"20LY",0.356713727920634
"20LY",0.356713727920634
"20LY",0.356713727920634
