"env","cor"
"20LY",0.338668484675727
"20LY",0.338668484675727
"20LY",0.338668484675727
"20LY",0.338668484675727
"20LY",0.338668484675727
