"env","cor"
"20LY",0.360821006044676
"20LY",0.360821006044676
"20LY",0.360821006044676
"20LY",0.360821006044676
"20LY",0.360821006044676
