"env","cor"
"19TA",0.78101585275528
"19TA",0.78101585275528
"19TA",0.78101585275528
"19TA",0.78101585275528
"19TA",0.78101585275528
