"env","cor"
"19TA",0.44110766767542
"19TA",0.44110766767542
"19TA",0.44110766767542
"19TA",0.44110766767542
"19TA",0.44110766767542
