"env","cor"
"20LY",0.589759524905486
"20LY",0.589759524905486
"20LY",0.589759524905486
"20LY",0.589759524905486
"20LY",0.589759524905486
