"env","cor"
"20LY",0.386625497119357
"20LY",0.386625497119357
"20LY",0.386625497119357
"20LY",0.386625497119357
"20LY",0.386625497119357
