"env","cor"
"19TA",0.828732880122298
"19TA",0.828732880122298
"19TA",0.828732880122298
"19TA",0.828732880122298
"19TA",0.828732880122298
