"env","cor"
"20LY",0.422763601947183
"20LY",0.422763601947183
"20LY",0.422763601947183
"20LY",0.422763601947183
"20LY",0.422763601947183
