"env","cor"
"19TA",0.869283953177481
"19TA",0.869283953177481
"19TA",0.869283953177481
"19TA",0.869283953177481
"19TA",0.869283953177481
