"env","cor"
"19TA",0.847489984972821
"19TA",0.847489984972821
"19TA",0.847489984972821
"19TA",0.847489984972821
"19TA",0.847489984972821
