"env","cor"
"19TA",0.400991787246541
"19TA",0.400991787246541
"19TA",0.400991787246541
"19TA",0.400991787246541
"19TA",0.400991787246541
