"env","cor"
"20LY",0.273362879576102
"20LY",0.273362879576102
"20LY",0.273362879576102
"20LY",0.273362879576102
"20LY",0.273362879576102
