"env","cor"
"19TA",0.340640632565546
"19TA",0.340640632565546
"19TA",0.340640632565546
"19TA",0.340640632565546
"19TA",0.340640632565546
