"env","cor"
"20LY",0.284448523669099
"20LY",0.284448523669099
"20LY",0.284448523669099
"20LY",0.284448523669099
"20LY",0.284448523669099
