"env","cor"
"19TA",0.409728198442567
"19TA",0.409728198442567
"19TA",0.409728198442567
"19TA",0.409728198442567
"19TA",0.409728198442567
