"env","cor"
"19TA",0.789335498758094
"19TA",0.789335498758094
"19TA",0.789335498758094
"19TA",0.789335498758094
"19TA",0.789335498758094
