"env","cor"
"19TA",0.461011848203975
"19TA",0.461011848203975
"19TA",0.461011848203975
"19TA",0.461011848203975
"19TA",0.461011848203975
