"env","cor"
"19TA",0.393860346666731
"19TA",0.393860346666731
"19TA",0.393860346666731
"19TA",0.393860346666731
"19TA",0.393860346666731
