"env","cor"
"19TA",0.685800316522972
"19TA",0.685800316522972
"19TA",0.685800316522972
"19TA",0.685800316522972
"19TA",0.685800316522972
