"env","cor"
"19TA",0.812419229458638
"19TA",0.812419229458638
"19TA",0.812419229458638
"19TA",0.812419229458638
"19TA",0.812419229458638
