"env","cor"
"20LY",0.765380492124928
"20LY",0.765380492124928
"20LY",0.765380492124928
"20LY",0.765380492124928
"20LY",0.765380492124928
