"env","cor"
"20LY",0.652131509536691
"20LY",0.652131509536691
"20LY",0.652131509536691
"20LY",0.652131509536691
"20LY",0.652131509536691
