"env","cor"
"19TA",0.622874240311038
"19TA",0.622874240311038
"19TA",0.622874240311038
"19TA",0.622874240311038
"19TA",0.622874240311038
