"env","cor"
"20LY",0.396841985075785
"20LY",0.396841985075785
"20LY",0.396841985075785
"20LY",0.396841985075785
"20LY",0.396841985075785
