"env","cor"
"20LY",0.675076819345346
"20LY",0.675076819345346
"20LY",0.675076819345346
"20LY",0.675076819345346
"20LY",0.675076819345346
