"env","cor"
"20LY",0.656664301877524
"20LY",0.656664301877524
"20LY",0.656664301877524
"20LY",0.656664301877524
"20LY",0.656664301877524
