"env","cor"
"19TA",0.809274643285809
"19TA",0.809274643285809
"19TA",0.809274643285809
"19TA",0.809274643285809
"19TA",0.809274643285809
