"env","cor"
"19TA",0.478670896853486
"19TA",0.478670896853486
"19TA",0.478670896853486
"19TA",0.478670896853486
"19TA",0.478670896853486
