"env","cor"
"20LY",0.412677547658845
"20LY",0.412677547658845
"20LY",0.412677547658845
"20LY",0.412677547658845
"20LY",0.412677547658845
