"env","cor"
"19TA",0.843244421216204
"19TA",0.843244421216204
"19TA",0.843244421216204
"19TA",0.843244421216204
"19TA",0.843244421216204
