"env","cor"
"19TA",0.407581262548129
"19TA",0.407581262548129
"19TA",0.407581262548129
"19TA",0.407581262548129
"19TA",0.407581262548129
