"env","cor"
"20LY",0.467950031553401
"20LY",0.467950031553401
"20LY",0.467950031553401
"20LY",0.467950031553401
"20LY",0.467950031553401
