"env","cor"
"20LY",0.238610402074604
"20LY",0.238610402074604
"20LY",0.238610402074604
"20LY",0.238610402074604
"20LY",0.238610402074604
