"env","cor"
"20LY",0.233014944596909
"20LY",0.233014944596909
"20LY",0.233014944596909
"20LY",0.233014944596909
"20LY",0.233014944596909
