"env","cor"
"20LY",0.29793506186646
"20LY",0.29793506186646
"20LY",0.29793506186646
"20LY",0.29793506186646
"20LY",0.29793506186646
