"env","cor"
"20LY",0.572284858364098
"20LY",0.572284858364098
"20LY",0.572284858364098
"20LY",0.572284858364098
"20LY",0.572284858364098
