"env","cor"
"19TA",0.780605964660341
"19TA",0.780605964660341
"19TA",0.780605964660341
"19TA",0.780605964660341
"19TA",0.780605964660341
