"env","cor"
"19TA",0.515437424116474
"19TA",0.515437424116474
"19TA",0.515437424116474
"19TA",0.515437424116474
"19TA",0.515437424116474
