"env","cor"
"20LY",0.460928766944214
"20LY",0.460928766944214
"20LY",0.460928766944214
"20LY",0.460928766944214
"20LY",0.460928766944214
