"env","cor"
"20LY",0.308056713927894
"20LY",0.308056713927894
"20LY",0.308056713927894
"20LY",0.308056713927894
"20LY",0.308056713927894
