"env","cor"
"20LY",0.422800688384362
"20LY",0.422800688384362
"20LY",0.422800688384362
"20LY",0.422800688384362
"20LY",0.422800688384362
