"env","cor"
"19TA",0.677469309473211
"19TA",0.677469309473211
"19TA",0.677469309473211
"19TA",0.677469309473211
"19TA",0.677469309473211
