"env","cor"
"20LY",0.581476868512421
"20LY",0.581476868512421
"20LY",0.581476868512421
"20LY",0.581476868512421
"20LY",0.581476868512421
