"env","cor"
"20LY",0.46403651108432
"20LY",0.46403651108432
"20LY",0.46403651108432
"20LY",0.46403651108432
"20LY",0.46403651108432
