"env","cor"
"20LY",0.616122477104322
"20LY",0.616122477104322
"20LY",0.616122477104322
"20LY",0.616122477104322
"20LY",0.616122477104322
