"env","cor"
"19TA",0.869779293381617
"19TA",0.869779293381617
"19TA",0.869779293381617
"19TA",0.869779293381617
"19TA",0.869779293381617
