"env","cor"
"19TA",0.398707195394813
"19TA",0.398707195394813
"19TA",0.398707195394813
"19TA",0.398707195394813
"19TA",0.398707195394813
