"env","cor"
"19CS",0.7069175777986
"19TA",0.57611999052507
"20CS",0.708420643567854
"20LY",0.562680147403655
"19CS",0.7069175777986
"19TA",0.57611999052507
"20CS",0.708420643567854
"20LY",0.562680147403655
"19CS",0.7069175777986
"19TA",0.57611999052507
"20CS",0.708420643567854
"20LY",0.562680147403655
"19CS",0.7069175777986
"19TA",0.57611999052507
"20CS",0.708420643567854
"20LY",0.562680147403655
"19CS",0.7069175777986
"19TA",0.57611999052507
"20CS",0.708420643567854
"20LY",0.562680147403655
