"env","cor"
"20LY",0.532947605195018
"20LY",0.532947605195018
"20LY",0.532947605195018
"20LY",0.532947605195018
"20LY",0.532947605195018
