"env","cor"
"20LY",0.461104206762652
"20LY",0.461104206762652
"20LY",0.461104206762652
"20LY",0.461104206762652
"20LY",0.461104206762652
