"env","cor"
"19TA",0.728215015693151
"19TA",0.728215015693151
"19TA",0.728215015693151
"19TA",0.728215015693151
"19TA",0.728215015693151
