"env","cor"
"20LY",0.611222132145758
"20LY",0.611222132145758
"20LY",0.611222132145758
"20LY",0.611222132145758
"20LY",0.611222132145758
