"env","cor"
"19TA",0.228088050880525
"19TA",0.228088050880525
"19TA",0.228088050880525
"19TA",0.228088050880525
"19TA",0.228088050880525
