"env","cor"
"19TA",0.483564008677917
"19TA",0.483564008677917
"19TA",0.483564008677917
"19TA",0.483564008677917
"19TA",0.483564008677917
