"env","cor"
"20LY",0.531643276505227
"20LY",0.531643276505227
"20LY",0.531643276505227
"20LY",0.531643276505227
"20LY",0.531643276505227
