"env","cor"
"19TA",0.613093215652005
"19TA",0.613093215652005
"19TA",0.613093215652005
"19TA",0.613093215652005
"19TA",0.613093215652005
