"env","cor"
"19TA",0.516200757627781
"19TA",0.516200757627781
"19TA",0.516200757627781
"19TA",0.516200757627781
"19TA",0.516200757627781
