"env","cor"
"20LY",0.0897510499071189
"20LY",0.0897510499071189
"20LY",0.0897510499071189
"20LY",0.0897510499071189
"20LY",0.0897510499071189
