"env","cor"
"20LY",0.448135318707078
"20LY",0.448135318707078
"20LY",0.448135318707078
"20LY",0.448135318707078
"20LY",0.448135318707078
