"env","cor"
"19TA",0.841261964227649
"19TA",0.841261964227649
"19TA",0.841261964227649
"19TA",0.841261964227649
"19TA",0.841261964227649
