"env","cor"
"20LY",0.642279071099756
"20LY",0.642279071099756
"20LY",0.642279071099756
"20LY",0.642279071099756
"20LY",0.642279071099756
