"env","cor"
"19TA",0.859504782255644
"19TA",0.859504782255644
"19TA",0.859504782255644
"19TA",0.859504782255644
"19TA",0.859504782255644
