"env","cor"
"19TA",0.377025233647647
"19TA",0.377025233647647
"19TA",0.377025233647647
"19TA",0.377025233647647
"19TA",0.377025233647647
