"env","cor"
"19TA",0.560102599691511
"19TA",0.560102599691511
"19TA",0.560102599691511
"19TA",0.560102599691511
"19TA",0.560102599691511
