"env","cor"
"19TA",0.648835075443725
"19TA",0.648835075443725
"19TA",0.648835075443725
"19TA",0.648835075443725
"19TA",0.648835075443725
