"env","cor"
"19TA",0.863825312685995
"19TA",0.863825312685995
"19TA",0.863825312685995
"19TA",0.863825312685995
"19TA",0.863825312685995
