"env","cor"
"20LY",0.642487233432381
"20LY",0.642487233432381
"20LY",0.642487233432381
"20LY",0.642487233432381
"20LY",0.642487233432381
