"env","cor"
"19TA",0.613092289158573
"19TA",0.613092289158573
"19TA",0.613092289158573
"19TA",0.613092289158573
"19TA",0.613092289158573
