"env","cor"
"19CS",0.29804729503698
"19TA",0.370253568684485
"20CS",0.329515665594973
"20LY",0.2950098050682
"19CS",0.29804729503698
"19TA",0.370253568684485
"20CS",0.329515665594973
"20LY",0.2950098050682
"19CS",0.29804729503698
"19TA",0.370253568684485
"20CS",0.329515665594973
"20LY",0.2950098050682
"19CS",0.29804729503698
"19TA",0.370253568684485
"20CS",0.329515665594973
"20LY",0.2950098050682
"19CS",0.29804729503698
"19TA",0.370253568684485
"20CS",0.329515665594973
"20LY",0.2950098050682
