"env","cor"
"19TA",0.690291939238142
"19TA",0.690291939238142
"19TA",0.690291939238142
"19TA",0.690291939238142
"19TA",0.690291939238142
