"env","cor"
"19TA",0.450630546949966
"19TA",0.450630546949966
"19TA",0.450630546949966
"19TA",0.450630546949966
"19TA",0.450630546949966
