"env","cor"
"19TA",0.57473575807034
"19TA",0.57473575807034
"19TA",0.57473575807034
"19TA",0.57473575807034
"19TA",0.57473575807034
