"env","cor"
"20LY",0.0960199925609932
"20LY",0.0960199925609932
"20LY",0.0960199925609932
"20LY",0.0960199925609932
"20LY",0.0960199925609932
