"env","cor"
"20LY",0.323819774559615
"20LY",0.323819774559615
"20LY",0.323819774559615
"20LY",0.323819774559615
"20LY",0.323819774559615
