"env","cor"
"19TA",0.792746757740711
"19TA",0.792746757740711
"19TA",0.792746757740711
"19TA",0.792746757740711
"19TA",0.792746757740711
