"env","cor"
"19TA",0.619960639827691
"19TA",0.619960639827691
"19TA",0.619960639827691
"19TA",0.619960639827691
"19TA",0.619960639827691
