"env","cor"
"20LY",0.353265854507147
"20LY",0.353265854507147
"20LY",0.353265854507147
"20LY",0.353265854507147
"20LY",0.353265854507147
