"env","cor"
"19TA",0.843091522269422
"19TA",0.843091522269422
"19TA",0.843091522269422
"19TA",0.843091522269422
"19TA",0.843091522269422
