"env","cor"
"19TA",0.771688250077229
"19TA",0.771688250077229
"19TA",0.771688250077229
"19TA",0.771688250077229
"19TA",0.771688250077229
