"env","cor"
"20LY",0.448293015839147
"20LY",0.448293015839147
"20LY",0.448293015839147
"20LY",0.448293015839147
"20LY",0.448293015839147
