"env","cor"
"20LY",0.25039323944182
"20LY",0.25039323944182
"20LY",0.25039323944182
"20LY",0.25039323944182
"20LY",0.25039323944182
