"env","cor"
"20LY",0.765264029861457
"20LY",0.765264029861457
"20LY",0.765264029861457
"20LY",0.765264029861457
"20LY",0.765264029861457
