"env","cor"
"19TA",0.519977036188581
"19TA",0.519977036188581
"19TA",0.519977036188581
"19TA",0.519977036188581
"19TA",0.519977036188581
