"env","cor"
"20LY",0.403594239293757
"20LY",0.403594239293757
"20LY",0.403594239293757
"20LY",0.403594239293757
"20LY",0.403594239293757
