"env","cor"
"19TA",0.682880800381228
"19TA",0.682880800381228
"19TA",0.682880800381228
"19TA",0.682880800381228
"19TA",0.682880800381228
