"env","cor"
"19TA",0.637389086781621
"19TA",0.637389086781621
"19TA",0.637389086781621
"19TA",0.637389086781621
"19TA",0.637389086781621
