"env","cor"
"20LY",0.436547673215897
"20LY",0.436547673215897
"20LY",0.436547673215897
"20LY",0.436547673215897
"20LY",0.436547673215897
