"env","cor"
"20LY",0.377551301140049
"20LY",0.377551301140049
"20LY",0.377551301140049
"20LY",0.377551301140049
"20LY",0.377551301140049
