"env","cor"
"19TA",0.340201027016627
"19TA",0.340201027016627
"19TA",0.340201027016627
"19TA",0.340201027016627
"19TA",0.340201027016627
