"env","cor"
"19TA",0.694615419681637
"19TA",0.694615419681637
"19TA",0.694615419681637
"19TA",0.694615419681637
"19TA",0.694615419681637
