"env","cor"
"20LY",0.476729834589804
"20LY",0.476729834589804
"20LY",0.476729834589804
"20LY",0.476729834589804
"20LY",0.476729834589804
