"env","cor"
"19TA",0.78931542930803
"19TA",0.78931542930803
"19TA",0.78931542930803
"19TA",0.78931542930803
"19TA",0.78931542930803
