"env","cor"
"20LY",0.387648544075658
"20LY",0.387648544075658
"20LY",0.387648544075658
"20LY",0.387648544075658
"20LY",0.387648544075658
