"env","cor"
"19TA",0.437544140923026
"19TA",0.437544140923026
"19TA",0.437544140923026
"19TA",0.437544140923026
"19TA",0.437544140923026
