"env","cor"
"20LY",0.553563611200978
"20LY",0.553563611200978
"20LY",0.553563611200978
"20LY",0.553563611200978
"20LY",0.553563611200978
