"env","cor"
"20LY",0.568568449369943
"20LY",0.568568449369943
"20LY",0.568568449369943
"20LY",0.568568449369943
"20LY",0.568568449369943
