"env","cor"
"19TA",0.697396567280781
"19TA",0.697396567280781
"19TA",0.697396567280781
"19TA",0.697396567280781
"19TA",0.697396567280781
