"env","cor"
"20LY",0.528939296667398
"20LY",0.528939296667398
"20LY",0.528939296667398
"20LY",0.528939296667398
"20LY",0.528939296667398
