"env","cor"
"20LY",0.650551305569579
"20LY",0.650551305569579
"20LY",0.650551305569579
"20LY",0.650551305569579
"20LY",0.650551305569579
