"env","cor"
"19TA",0.473181401373974
"19TA",0.473181401373974
"19TA",0.473181401373974
"19TA",0.473181401373974
"19TA",0.473181401373974
