"env","cor"
"20LY",0.626108071054233
"20LY",0.626108071054233
"20LY",0.626108071054233
"20LY",0.626108071054233
"20LY",0.626108071054233
