"env","cor"
"19TA",0.494496992026268
"19TA",0.494496992026268
"19TA",0.494496992026268
"19TA",0.494496992026268
"19TA",0.494496992026268
