"env","cor"
"19CS",0.3532455186035
"19TA",0.330290206728788
"20CS",0.323173630372279
"20LY",0.20996259926671
"19CS",0.3532455186035
"19TA",0.330290206728788
"20CS",0.323173630372279
"20LY",0.20996259926671
"19CS",0.3532455186035
"19TA",0.330290206728788
"20CS",0.323173630372279
"20LY",0.20996259926671
"19CS",0.3532455186035
"19TA",0.330290206728788
"20CS",0.323173630372279
"20LY",0.20996259926671
"19CS",0.3532455186035
"19TA",0.330290206728788
"20CS",0.323173630372279
"20LY",0.20996259926671
