"env","cor"
"20LY",0.656892477631249
"20LY",0.656892477631249
"20LY",0.656892477631249
"20LY",0.656892477631249
"20LY",0.656892477631249
