"env","cor"
"20LY",0.302121008238715
"20LY",0.302121008238715
"20LY",0.302121008238715
"20LY",0.302121008238715
"20LY",0.302121008238715
