"env","cor"
"19TA",0.56923394081537
"19TA",0.56923394081537
"19TA",0.56923394081537
"19TA",0.56923394081537
"19TA",0.56923394081537
