"env","cor"
"20LY",0.766198106554263
"20LY",0.766198106554263
"20LY",0.766198106554263
"20LY",0.766198106554263
"20LY",0.766198106554263
