"env","cor"
"19TA",0.268717175196215
"19TA",0.268717175196215
"19TA",0.268717175196215
"19TA",0.268717175196215
"19TA",0.268717175196215
