"env","cor"
"20LY",0.302570702035841
"20LY",0.302570702035841
"20LY",0.302570702035841
"20LY",0.302570702035841
"20LY",0.302570702035841
