"env","cor"
"20LY",0.521067209270745
"20LY",0.521067209270745
"20LY",0.521067209270745
"20LY",0.521067209270745
"20LY",0.521067209270745
