"env","cor"
"19TA",0.694899457057004
"19TA",0.694899457057004
"19TA",0.694899457057004
"19TA",0.694899457057004
"19TA",0.694899457057004
