"env","cor"
"20LY",0.303949505178113
"20LY",0.303949505178113
"20LY",0.303949505178113
"20LY",0.303949505178113
"20LY",0.303949505178113
