"env","cor"
"20LY",0.762995649561908
"20LY",0.762995649561908
"20LY",0.762995649561908
"20LY",0.762995649561908
"20LY",0.762995649561908
