"env","cor"
"20LY",0.130038771411351
"20LY",0.130038771411351
"20LY",0.130038771411351
"20LY",0.130038771411351
"20LY",0.130038771411351
