"env","cor"
"20LY",0.489483720685591
"20LY",0.489483720685591
"20LY",0.489483720685591
"20LY",0.489483720685591
"20LY",0.489483720685591
