"env","cor"
"20LY",0.159267497197963
"20LY",0.159267497197963
"20LY",0.159267497197963
"20LY",0.159267497197963
"20LY",0.159267497197963
