"env","cor"
"20LY",0.303646878629338
"20LY",0.303646878629338
"20LY",0.303646878629338
"20LY",0.303646878629338
"20LY",0.303646878629338
