"env","cor"
"20LY",0.272447445839197
"20LY",0.272447445839197
"20LY",0.272447445839197
"20LY",0.272447445839197
"20LY",0.272447445839197
