"env","cor"
"19TA",0.805253981835542
"19TA",0.805253981835542
"19TA",0.805253981835542
"19TA",0.805253981835542
"19TA",0.805253981835542
