"env","cor"
"19TA",0.498669542030248
"19TA",0.498669542030248
"19TA",0.498669542030248
"19TA",0.498669542030248
"19TA",0.498669542030248
