"env","cor"
"19TA",0.75022963958049
"19TA",0.75022963958049
"19TA",0.75022963958049
"19TA",0.75022963958049
"19TA",0.75022963958049
