"env","cor"
"19TA",0.573193279873441
"19TA",0.573193279873441
"19TA",0.573193279873441
"19TA",0.573193279873441
"19TA",0.573193279873441
