"env","cor"
"19TA",0.250950933319069
"19TA",0.250950933319069
"19TA",0.250950933319069
"19TA",0.250950933319069
"19TA",0.250950933319069
