"env","cor"
"19TA",0.517578869110094
"19TA",0.517578869110094
"19TA",0.517578869110094
"19TA",0.517578869110094
"19TA",0.517578869110094
