"env","cor"
"19CS",0.410730115671019
"19TA",0.291433008911258
"20CS",0.415720242518
"20LY",0.391144635173153
"19CS",0.410730115671019
"19TA",0.291433008911258
"20CS",0.415720242518
"20LY",0.391144635173153
"19CS",0.410730115671019
"19TA",0.291433008911258
"20CS",0.415720242518
"20LY",0.391144635173153
"19CS",0.410730115671019
"19TA",0.291433008911258
"20CS",0.415720242518
"20LY",0.391144635173153
"19CS",0.410730115671019
"19TA",0.291433008911258
"20CS",0.415720242518
"20LY",0.391144635173153
