"env","cor"
"20LY",0.481608848883583
"20LY",0.481608848883583
"20LY",0.481608848883583
"20LY",0.481608848883583
"20LY",0.481608848883583
