"env","cor"
"20LY",0.661449130771325
"20LY",0.661449130771325
"20LY",0.661449130771325
"20LY",0.661449130771325
"20LY",0.661449130771325
