"env","cor"
"20LY",0.683382038100305
"20LY",0.683382038100305
"20LY",0.683382038100305
"20LY",0.683382038100305
"20LY",0.683382038100305
