"env","cor"
"20LY",0.432095278038483
"20LY",0.432095278038483
"20LY",0.432095278038483
"20LY",0.432095278038483
"20LY",0.432095278038483
