"env","cor"
"20LY",0.371444110791473
"20LY",0.371444110791473
"20LY",0.371444110791473
"20LY",0.371444110791473
"20LY",0.371444110791473
