"env","cor"
"19TA",0.377926963770645
"19TA",0.377926963770645
"19TA",0.377926963770645
"19TA",0.377926963770645
"19TA",0.377926963770645
