"env","cor"
"20LY",0.328951065853198
"20LY",0.328951065853198
"20LY",0.328951065853198
"20LY",0.328951065853198
"20LY",0.328951065853198
