"env","cor"
"19TA",0.458865076077261
"19TA",0.458865076077261
"19TA",0.458865076077261
"19TA",0.458865076077261
"19TA",0.458865076077261
