"env","cor"
"20LY",0.415876640112514
"20LY",0.415876640112514
"20LY",0.415876640112514
"20LY",0.415876640112514
"20LY",0.415876640112514
