"env","cor"
"19TA",0.506928358710232
"19TA",0.506928358710232
"19TA",0.506928358710232
"19TA",0.506928358710232
"19TA",0.506928358710232
