"env","cor"
"20LY",0.33527230117427
"20LY",0.33527230117427
"20LY",0.33527230117427
"20LY",0.33527230117427
"20LY",0.33527230117427
