"env","cor"
"20LY",0.661080430528721
"20LY",0.661080430528721
"20LY",0.661080430528721
"20LY",0.661080430528721
"20LY",0.661080430528721
