"env","cor"
"19TA",0.71458083962253
"19TA",0.71458083962253
"19TA",0.71458083962253
"19TA",0.71458083962253
"19TA",0.71458083962253
