"env","cor"
"19TA",0.810327266760807
"19TA",0.810327266760807
"19TA",0.810327266760807
"19TA",0.810327266760807
"19TA",0.810327266760807
