"env","cor"
"20LY",0.41719469917534
"20LY",0.41719469917534
"20LY",0.41719469917534
"20LY",0.41719469917534
"20LY",0.41719469917534
