"env","cor"
"20LY",0.452462756277097
"20LY",0.452462756277097
"20LY",0.452462756277097
"20LY",0.452462756277097
"20LY",0.452462756277097
