"env","cor"
"20LY",0.660951885594145
"20LY",0.660951885594145
"20LY",0.660951885594145
"20LY",0.660951885594145
"20LY",0.660951885594145
