"env","cor"
"19TA",0.681329076065665
"19TA",0.681329076065665
"19TA",0.681329076065665
"19TA",0.681329076065665
"19TA",0.681329076065665
