"env","cor"
"20LY",0.606596207305129
"20LY",0.606596207305129
"20LY",0.606596207305129
"20LY",0.606596207305129
"20LY",0.606596207305129
