"env","cor"
"19TA",0.686764897723336
"19TA",0.686764897723336
"19TA",0.686764897723336
"19TA",0.686764897723336
"19TA",0.686764897723336
