"env","cor"
"19TA",0.777679269392688
"19TA",0.777679269392688
"19TA",0.777679269392688
"19TA",0.777679269392688
"19TA",0.777679269392688
