"env","cor"
"19TA",0.318578280588259
"19TA",0.318578280588259
"19TA",0.318578280588259
"19TA",0.318578280588259
"19TA",0.318578280588259
