"env","cor"
"19TA",0.616909932967399
"19TA",0.616909932967399
"19TA",0.616909932967399
"19TA",0.616909932967399
"19TA",0.616909932967399
