"env","cor"
"19TA",0.512548485752094
"19TA",0.512548485752094
"19TA",0.512548485752094
"19TA",0.512548485752094
"19TA",0.512548485752094
