"env","cor"
"20LY",0.256992810378769
"20LY",0.256992810378769
"20LY",0.256992810378769
"20LY",0.256992810378769
"20LY",0.256992810378769
