"env","cor"
"19TA",0.336553878054687
"19TA",0.336553878054687
"19TA",0.336553878054687
"19TA",0.336553878054687
"19TA",0.336553878054687
