"env","cor"
"20LY",0.0802848668128298
"20LY",0.0802848668128298
"20LY",0.0802848668128298
"20LY",0.0802848668128298
"20LY",0.0802848668128298
