"env","cor"
"19TA",0.823385782623138
"19TA",0.823385782623138
"19TA",0.823385782623138
"19TA",0.823385782623138
"19TA",0.823385782623138
