"env","cor"
"20LY",0.473134529458629
"20LY",0.473134529458629
"20LY",0.473134529458629
"20LY",0.473134529458629
"20LY",0.473134529458629
