"env","cor"
"20LY",0.251746096142174
"20LY",0.251746096142174
"20LY",0.251746096142174
"20LY",0.251746096142174
"20LY",0.251746096142174
