"env","cor"
"19TA",0.828223717355902
"19TA",0.828223717355902
"19TA",0.828223717355902
"19TA",0.828223717355902
"19TA",0.828223717355902
