"env","cor"
"19TA",0.491066195309894
"19TA",0.491066195309894
"19TA",0.491066195309894
"19TA",0.491066195309894
"19TA",0.491066195309894
