"env","cor"
"20LY",0.530199616406279
"20LY",0.530199616406279
"20LY",0.530199616406279
"20LY",0.530199616406279
"20LY",0.530199616406279
