"env","cor"
"19TA",0.640498693883781
"19TA",0.640498693883781
"19TA",0.640498693883781
"19TA",0.640498693883781
"19TA",0.640498693883781
