"env","cor"
"19TA",0.656518035253474
"19TA",0.656518035253474
"19TA",0.656518035253474
"19TA",0.656518035253474
"19TA",0.656518035253474
