"env","cor"
"19TA",0.435854342336557
"19TA",0.435854342336557
"19TA",0.435854342336557
"19TA",0.435854342336557
"19TA",0.435854342336557
