"env","cor"
"19TA",0.863229629732884
"19TA",0.863229629732884
"19TA",0.863229629732884
"19TA",0.863229629732884
"19TA",0.863229629732884
