"env","cor"
"20LY",0.42492702124314
"20LY",0.42492702124314
"20LY",0.42492702124314
"20LY",0.42492702124314
"20LY",0.42492702124314
