"env","cor"
"20LY",0.650171627656438
"20LY",0.650171627656438
"20LY",0.650171627656438
"20LY",0.650171627656438
"20LY",0.650171627656438
