"env","cor"
"20LY",0.548677159779907
"20LY",0.548677159779907
"20LY",0.548677159779907
"20LY",0.548677159779907
"20LY",0.548677159779907
