"env","cor"
"20LY",0.285332312958244
"20LY",0.285332312958244
"20LY",0.285332312958244
"20LY",0.285332312958244
"20LY",0.285332312958244
