"env","cor"
"20LY",0.406413370475724
"20LY",0.406413370475724
"20LY",0.406413370475724
"20LY",0.406413370475724
"20LY",0.406413370475724
