"env","cor"
"19TA",0.579386080149731
"19TA",0.579386080149731
"19TA",0.579386080149731
"19TA",0.579386080149731
"19TA",0.579386080149731
