"env","cor"
"20LY",0.543705761620867
"20LY",0.543705761620867
"20LY",0.543705761620867
"20LY",0.543705761620867
"20LY",0.543705761620867
