"env","cor"
"20LY",0.463621918717279
"20LY",0.463621918717279
"20LY",0.463621918717279
"20LY",0.463621918717279
"20LY",0.463621918717279
