"env","cor"
"19TA",0.746206864225309
"19TA",0.746206864225309
"19TA",0.746206864225309
"19TA",0.746206864225309
"19TA",0.746206864225309
