"env","cor"
"19TA",0.395606831258374
"19TA",0.395606831258374
"19TA",0.395606831258374
"19TA",0.395606831258374
"19TA",0.395606831258374
