"env","cor"
"20LY",0.361197354725717
"20LY",0.361197354725717
"20LY",0.361197354725717
"20LY",0.361197354725717
"20LY",0.361197354725717
