"env","cor"
"20LY",0.235047468617463
"20LY",0.235047468617463
"20LY",0.235047468617463
"20LY",0.235047468617463
"20LY",0.235047468617463
