"env","cor"
"20LY",0.696261688391175
"20LY",0.696261688391175
"20LY",0.696261688391175
"20LY",0.696261688391175
"20LY",0.696261688391175
