"env","cor"
"19TA",0.42857380657905
"19TA",0.42857380657905
"19TA",0.42857380657905
"19TA",0.42857380657905
"19TA",0.42857380657905
