"env","cor"
"19TA",0.743018710094145
"19TA",0.743018710094145
"19TA",0.743018710094145
"19TA",0.743018710094145
"19TA",0.743018710094145
