"env","cor"
"20LY",0.465886272274927
"20LY",0.465886272274927
"20LY",0.465886272274927
"20LY",0.465886272274927
"20LY",0.465886272274927
