"env","cor"
"19TA",0.270909535212214
"19TA",0.270909535212214
"19TA",0.270909535212214
"19TA",0.270909535212214
"19TA",0.270909535212214
