"env","cor"
"20LY",0.179837522174982
"20LY",0.179837522174982
"20LY",0.179837522174982
"20LY",0.179837522174982
"20LY",0.179837522174982
