"env","cor"
"19TA",0.839860029440157
"19TA",0.839860029440157
"19TA",0.839860029440157
"19TA",0.839860029440157
"19TA",0.839860029440157
