"env","cor"
"19TA",0.617413421855726
"19TA",0.617413421855726
"19TA",0.617413421855726
"19TA",0.617413421855726
"19TA",0.617413421855726
