"env","cor"
"19TA",0.621996954957985
"19TA",0.621996954957985
"19TA",0.621996954957985
"19TA",0.621996954957985
"19TA",0.621996954957985
