"env","cor"
"19TA",0.635066519445707
"19TA",0.635066519445707
"19TA",0.635066519445707
"19TA",0.635066519445707
"19TA",0.635066519445707
