"env","cor"
"20LY",0.473848152375048
"20LY",0.473848152375048
"20LY",0.473848152375048
"20LY",0.473848152375048
"20LY",0.473848152375048
