"env","cor"
"19TA",0.509594612218739
"19TA",0.509594612218739
"19TA",0.509594612218739
"19TA",0.509594612218739
"19TA",0.509594612218739
