"env","cor"
"20LY",0.29758973840827
"20LY",0.29758973840827
"20LY",0.29758973840827
"20LY",0.29758973840827
"20LY",0.29758973840827
