"env","cor"
"19TA",0.409916460479784
"19TA",0.409916460479784
"19TA",0.409916460479784
"19TA",0.409916460479784
"19TA",0.409916460479784
