"env","cor"
"20LY",0.427324727567381
"20LY",0.427324727567381
"20LY",0.427324727567381
"20LY",0.427324727567381
"20LY",0.427324727567381
