"env","cor"
"20LY",0.607894226356633
"20LY",0.607894226356633
"20LY",0.607894226356633
"20LY",0.607894226356633
"20LY",0.607894226356633
