"env","cor"
"19TA",0.809779399219893
"19TA",0.809779399219893
"19TA",0.809779399219893
"19TA",0.809779399219893
"19TA",0.809779399219893
