"env","cor"
"19TA",0.74430884500768
"19TA",0.74430884500768
"19TA",0.74430884500768
"19TA",0.74430884500768
"19TA",0.74430884500768
