"env","cor"
"19TA",0.284719916874631
"19TA",0.284719916874631
"19TA",0.284719916874631
"19TA",0.284719916874631
"19TA",0.284719916874631
