"env","cor"
"19TA",0.414732425839842
"19TA",0.414732425839842
"19TA",0.414732425839842
"19TA",0.414732425839842
"19TA",0.414732425839842
