"env","cor"
"20LY",0.253702259719928
"20LY",0.253702259719928
"20LY",0.253702259719928
"20LY",0.253702259719928
"20LY",0.253702259719928
