"env","cor"
"19TA",0.448862365806434
"19TA",0.448862365806434
"19TA",0.448862365806434
"19TA",0.448862365806434
"19TA",0.448862365806434
