"env","cor"
"19CS",0.845557154545577
"19TA",0.64746250314967
"20CS",0.8686071479907
"20LY",0.682269528382704
"19CS",0.845557154545577
"19TA",0.64746250314967
"20CS",0.8686071479907
"20LY",0.682269528382704
"19CS",0.845557154545577
"19TA",0.64746250314967
"20CS",0.8686071479907
"20LY",0.682269528382704
"19CS",0.845557154545577
"19TA",0.64746250314967
"20CS",0.8686071479907
"20LY",0.682269528382704
"19CS",0.845557154545577
"19TA",0.64746250314967
"20CS",0.8686071479907
"20LY",0.682269528382704
