"env","cor"
"20LY",0.67353929559643
"20LY",0.67353929559643
"20LY",0.67353929559643
"20LY",0.67353929559643
"20LY",0.67353929559643
