"env","cor"
"19TA",0.500578918352029
"19TA",0.500578918352029
"19TA",0.500578918352029
"19TA",0.500578918352029
"19TA",0.500578918352029
