"env","cor"
"19TA",0.725022769710699
"19TA",0.725022769710699
"19TA",0.725022769710699
"19TA",0.725022769710699
"19TA",0.725022769710699
