"env","cor"
"19TA",0.772261677056185
"19TA",0.772261677056185
"19TA",0.772261677056185
"19TA",0.772261677056185
"19TA",0.772261677056185
