"env","cor"
"19TA",0.77923518800948
"19TA",0.77923518800948
"19TA",0.77923518800948
"19TA",0.77923518800948
"19TA",0.77923518800948
