"env","cor"
"20LY",0.765684301201599
"20LY",0.765684301201599
"20LY",0.765684301201599
"20LY",0.765684301201599
"20LY",0.765684301201599
