"env","cor"
"20LY",0.764856249363577
"20LY",0.764856249363577
"20LY",0.764856249363577
"20LY",0.764856249363577
"20LY",0.764856249363577
