"env","cor"
"19TA",0.429251760918221
"19TA",0.429251760918221
"19TA",0.429251760918221
"19TA",0.429251760918221
"19TA",0.429251760918221
