"env","cor"
"20LY",0.44949361462727
"20LY",0.44949361462727
"20LY",0.44949361462727
"20LY",0.44949361462727
"20LY",0.44949361462727
