"env","cor"
"20LY",0.444666570597904
"20LY",0.444666570597904
"20LY",0.444666570597904
"20LY",0.444666570597904
"20LY",0.444666570597904
