"env","cor"
"19TA",0.452107133455851
"19TA",0.452107133455851
"19TA",0.452107133455851
"19TA",0.452107133455851
"19TA",0.452107133455851
