"env","cor"
"20LY",0.670481157503416
"20LY",0.670481157503416
"20LY",0.670481157503416
"20LY",0.670481157503416
"20LY",0.670481157503416
