"env","cor"
"20LY",0.2636004097859
"20LY",0.2636004097859
"20LY",0.2636004097859
"20LY",0.2636004097859
"20LY",0.2636004097859
