"env","cor"
"19TA",0.818688677360283
"19TA",0.818688677360283
"19TA",0.818688677360283
"19TA",0.818688677360283
"19TA",0.818688677360283
