"env","cor"
"19TA",0.829028085993038
"19TA",0.829028085993038
"19TA",0.829028085993038
"19TA",0.829028085993038
"19TA",0.829028085993038
