"env","cor"
"19TA",0.871721740332434
"19TA",0.871721740332434
"19TA",0.871721740332434
"19TA",0.871721740332434
"19TA",0.871721740332434
