"env","cor"
"19TA",0.470329976003215
"19TA",0.470329976003215
"19TA",0.470329976003215
"19TA",0.470329976003215
"19TA",0.470329976003215
