"env","cor"
"20LY",0.333451395824693
"20LY",0.333451395824693
"20LY",0.333451395824693
"20LY",0.333451395824693
"20LY",0.333451395824693
