"env","cor"
"19TA",0.443381157199623
"19TA",0.443381157199623
"19TA",0.443381157199623
"19TA",0.443381157199623
"19TA",0.443381157199623
