"env","cor"
"19TA",0.463607912121972
"19TA",0.463607912121972
"19TA",0.463607912121972
"19TA",0.463607912121972
"19TA",0.463607912121972
