"env","cor"
"20LY",0.66147438605203
"20LY",0.66147438605203
"20LY",0.66147438605203
"20LY",0.66147438605203
"20LY",0.66147438605203
