"env","cor"
"19TA",0.373123063625719
"19TA",0.373123063625719
"19TA",0.373123063625719
"19TA",0.373123063625719
"19TA",0.373123063625719
