"env","cor"
"19TA",0.808084476856335
"19TA",0.808084476856335
"19TA",0.808084476856335
"19TA",0.808084476856335
"19TA",0.808084476856335
