"env","cor"
"20LY",0.448350292171688
"20LY",0.448350292171688
"20LY",0.448350292171688
"20LY",0.448350292171688
"20LY",0.448350292171688
