"env","cor"
"20LY",0.438184388913496
"20LY",0.438184388913496
"20LY",0.438184388913496
"20LY",0.438184388913496
"20LY",0.438184388913496
