"env","cor"
"19TA",0.36055493151505
"19TA",0.36055493151505
"19TA",0.36055493151505
"19TA",0.36055493151505
"19TA",0.36055493151505
