"env","cor"
"20LY",0.697298506753632
"20LY",0.697298506753632
"20LY",0.697298506753632
"20LY",0.697298506753632
"20LY",0.697298506753632
